date,MVRV
2022-03-29 03:19:13,1.9451734583036728
2022-03-29 19:22:22,1.9464980412645365
2022-03-30 13:58:49,1.929961019324348
2022-03-31 07:56:42,1.9207892093082157
2022-04-01 02:33:12,1.8598170289868539
2022-04-01 20:19:38,1.8681747924546959
2022-04-02 17:06:10,1.8972018514369164
2022-04-03 11:27:01,1.8796053494530152
2022-04-04 04:40:37,1.883813855180455
2022-04-04 19:44:17,1.86305364447601
2022-04-05 12:49:16,1.8984223511536094
2022-04-06 07:29:10,1.844091958941536
2022-04-07 00:16:18,1.7834677258368803
2022-04-07 18:42:10,1.7723185756022986
2022-04-08 14:33:26,1.7738597965998903
2022-04-09 08:42:31,1.7276027209944333
2022-04-10 00:23:58,1.7321598518397237
2022-04-10 18:22:31,1.7390725318809535
2022-04-11 13:28:30,1.7090492650837092
2022-04-12 07:11:53,1.6186428975583906
2022-04-12 23:30:48,1.6234086839260846
2022-04-13 18:59:27,1.6484539330275394
2022-04-14 11:24:51,1.6812465090887811
2022-04-15 05:49:42,1.6278518517113039
2022-04-15 21:46:21,1.643916816215824
2022-04-16 17:45:56,1.6431927916809876
2022-04-17 09:13:59,1.6433117498738583
2022-04-18 01:10:54,1.6347771387133174
2022-04-18 19:29:13,1.6081778657258987
2022-04-19 16:55:28,1.6685460501543317
2022-04-20 09:25:18,1.6861946410921547
2022-04-21 01:16:36,1.6822320684757033
2022-04-21 16:28:09,1.716668433509994
2022-04-22 08:44:45,1.6479980192185648
2022-04-23 01:46:16,1.6112777802481346
2022-04-23 17:27:40,1.6142222120340297
2022-04-24 10:25:22,1.6143940774729935
2022-04-25 01:53:46,1.6076702494585993
2022-04-25 18:46:44,1.5831499152221704
2022-04-26 10:13:45,1.64979078190684
2022-04-27 04:16:42,1.5593578868893023
2022-04-27 18:26:16,1.5892938077329368
2022-04-28 12:36:39,1.609395925228138
2022-04-29 06:56:35,1.616577896037185
2022-04-30 00:00:58,1.5780278548782714
2022-04-30 17:01:02,1.5737009214466224
2022-05-01 09:16:31,1.5499687086578982
2022-05-02 00:24:35,1.5644745233304995
2022-05-02 15:53:06,1.5842097318183748
2022-05-03 08:52:51,1.5734712663979835
2022-05-04 01:45:20,1.5473700981433685
2022-05-04 19:27:40,1.5960341441363044
2022-05-05 12:00:27,1.6192286220878358
2022-05-06 03:57:31,1.4899998361988538
2022-05-06 23:13:33,1.4752656334138743
2022-05-07 15:19:06,1.4754761234360767
2022-05-08 09:39:34,1.4234753846683328
2022-05-09 01:17:51,1.4083317765238939
2022-05-09 19:30:19,1.3329380188515934
2022-05-10 11:58:19,1.2963738272483758
2022-05-11 04:59:44,1.2825072949936103
2022-05-11 23:00:34,1.2457687030839337
2022-05-12 14:54:45,1.166178159472665
2022-05-13 09:50:20,1.2634605204624976
2022-05-14 03:06:24,1.2455442184973429
2022-05-14 21:10:50,1.2209558990627754
2022-05-15 18:04:22,1.252518521741262
2022-05-16 10:49:07,1.2544842357751624
2022-05-17 03:51:57,1.2515910298785111
2022-05-17 21:06:15,1.2632313254873304
2022-05-18 15:43:51,1.2461959831377285
2022-05-19 11:17:59,1.2176070798142298
2022-05-20 09:06:23,1.2677437588661882
2022-05-21 03:59:48,1.2228674906210946
2022-05-21 22:17:54,1.2360016462108523
2022-05-22 18:43:27,1.2521672327079882
2022-05-23 12:26:47,1.273605485068919
2022-05-24 06:25:34,1.2339489310818768
2022-05-25 02:16:01,1.2349109578123034
2022-05-25 20:11:07,1.2465454948229047
2022-05-26 12:55:03,1.2394543906534574
2022-05-27 08:53:21,1.2244148136164865
2022-05-28 03:04:43,1.2091237400086114
2022-05-28 18:56:44,1.221279900053728
2022-05-29 11:45:55,1.224568103393061
2022-05-30 04:21:55,1.2476032798133405
2022-05-30 21:53:53,1.294047430755419
2022-05-31 14:24:36,1.3333360503294527
2022-06-01 07:59:49,1.336355265666234
2022-06-02 05:33:47,1.2616777947289661
2022-06-03 00:43:34,1.2806563445174022
2022-06-03 17:48:25,1.25966030594798
2022-06-04 13:50:12,1.2584066160223506
2022-06-05 07:40:55,1.2621434069693325
2022-06-06 00:03:27,1.2713359323074351
2022-06-06 17:30:45,1.333901135981123
2022-06-07 09:57:58,1.2550848882742174
2022-06-08 01:19:31,1.3044614574806797
2022-06-08 15:42:02,1.295486441894115
2022-06-09 07:21:27,1.2870114977739744
2022-06-10 00:55:55,1.284221188442997
2022-06-10 17:41:33,1.2680391350935407
2022-06-11 10:43:08,1.2453043543552342
2022-06-12 03:54:30,1.209881687563203
2022-06-13 00:20:03,1.1794826267058467
2022-06-13 20:01:48,1.0110156646113786
2022-06-14 11:51:24,0.9678427351776683
2022-06-15 06:34:20,0.9402115398393043
2022-06-15 21:40:31,0.9337580100275101
2022-06-16 19:08:56,0.9287422857258887
2022-06-17 16:54:14,0.9134492429560213
2022-06-18 13:28:59,0.8646732636568959
2022-06-19 04:40:14,0.8170192942481421
2022-06-19 23:12:51,0.8773082970116313
2022-06-20 17:28:25,0.9119892057568212
2022-06-21 11:43:08,0.9249180946913946
2022-06-22 06:15:02,0.9133627600640739
2022-06-23 01:32:25,0.8933247986848522
2022-06-23 19:10:55,0.9097575879859562
2022-06-24 14:12:37,0.9321151470098217
2022-06-25 06:32:15,0.9443527098613405
2022-06-26 00:27:26,0.9433116423717555
2022-06-26 18:32:16,0.9529735349724116
2022-06-27 14:17:15,0.9476958922855208
2022-06-28 05:54:34,0.9216841669401699
2022-06-29 01:27:58,0.9127015630827666
2022-06-29 17:32:57,0.8945951581109916
2022-06-30 10:30:50,0.8803641522952882
2022-07-01 00:53:21,0.8508903445442353
2022-07-01 19:13:23,0.8675457539249979
2022-07-02 14:58:17,0.8616343276802946
2022-07-03 09:07:12,0.8614326130021915
2022-07-04 00:05:11,0.8655351941583557
2022-07-04 17:14:36,0.8800042002474241
2022-07-05 15:08:41,0.8972604346544941
2022-07-06 11:05:20,0.9020524214396962
2022-07-07 05:58:16,0.9213332039016882
2022-07-07 22:20:34,0.9476702177455065
2022-07-08 14:51:27,0.9732088396636098
2022-07-09 10:16:58,0.9730457234295758
2022-07-10 02:54:42,0.972885994951749
2022-07-10 19:29:36,0.9503993143774274
2022-07-11 15:37:37,0.9250137986081406
2022-07-12 09:27:34,0.9004057979791584
2022-07-13 05:08:49,0.8814806727091207
2022-07-14 02:39:11,0.9032709472589753
2022-07-15 00:37:52,0.9268474911319904
2022-07-15 17:35:36,0.9474409094360609
2022-07-16 10:57:54,0.9398210342642982
2022-07-17 06:13:11,0.9674007863917998
2022-07-18 01:42:05,0.9549633901100024
2022-07-18 21:29:45,1.00628350926454
2022-07-19 15:39:04,1.0039797379716469
2022-07-20 11:06:32,1.0686812177140257
2022-07-21 07:47:37,1.0540337180668273
2022-07-22 02:43:41,1.051968843127073
2022-07-22 21:37:51,1.064484148279191
2022-07-23 14:54:11,1.0295274037928126
2022-07-24 07:09:55,1.027799117613393
2022-07-24 23:02:39,1.0419210332860382
2022-07-25 16:53:10,1.0058052289521802
2022-07-26 09:29:44,0.9673988970752082
2022-07-27 01:17:56,0.9636146745731174
2022-07-27 15:58:31,0.9798668012990185
2022-07-28 10:00:07,1.056462318471042
2022-07-29 03:20:05,1.095355611508829
2022-07-29 21:29:02,1.0933390026630965
2022-07-30 14:29:57,1.0995351966269573
2022-07-31 11:07:09,1.087952038062051
2022-08-01 04:23:59,1.0797749379582369
2022-08-01 22:16:22,1.0598857881579384
2022-08-02 13:06:29,1.048142124543414
2022-08-03 07:04:35,1.049076338186017
2022-08-04 02:32:53,1.067488027116924
2022-08-04 20:58:21,1.0449484879129358
2022-08-05 11:56:34,1.0636664853875906
2022-08-06 07:10:06,1.0653489817904236
2022-08-06 22:49:12,1.0639741329604515
2022-08-07 13:56:55,1.0553775170398516
2022-08-08 06:37:45,1.0686837382022865
2022-08-09 01:35:18,1.1009009020818237
2022-08-09 18:36:55,1.067940990260778
2022-08-10 12:02:32,1.0556800052973399
2022-08-11 05:45:37,1.105976144363634
2022-08-12 00:13:12,1.1166351337215032
2022-08-12 16:29:58,1.0960771678227894
2022-08-13 09:26:30,1.1312591130318637
2022-08-14 06:43:10,1.1256940020451014
2022-08-14 23:54:41,1.1184967710307463
2022-08-15 16:01:53,1.1081220451839624
2022-08-16 10:32:31,1.1043726820764392
2022-08-17 04:02:03,1.0991168668337983
2022-08-18 00:45:42,1.0770161008165011
2022-08-18 17:34:23,1.079275399235477
2022-08-19 09:35:41,1.0345106334604055
2022-08-19 23:59:28,0.9818561695876068
2022-08-20 15:29:57,0.9797197500264564
2022-08-21 09:48:51,0.977783518997125
2022-08-22 03:49:36,0.990915295265546
2022-08-22 21:04:47,0.9785637607729704
2022-08-23 12:59:45,0.9828427526038027
2022-08-24 03:29:49,0.9885102571689478
2022-08-24 20:22:17,0.9956802874403073
2022-08-25 12:43:22,1.0006151402123695
2022-08-26 04:18:26,0.9955040587457729
2022-08-26 19:06:05,0.9773598924371117
2022-08-27 13:54:48,0.9334499019952589
2022-08-28 04:56:56,0.9249983181488621
2022-08-28 21:50:49,0.9242363950905554
2022-08-29 14:02:15,0.9180153761624531
2022-08-30 05:34:35,0.9365440222248193
2022-08-30 22:26:18,0.9211260487161073
2022-08-31 14:20:09,0.9390659297946281
2022-09-01 09:04:25,0.9286048558519355
2022-09-02 03:06:12,0.926724232523519
2022-09-02 23:40:26,0.9320134960299048
2022-09-03 18:50:59,0.9197380257638926
2022-09-04 08:44:52,0.9173460577998103
2022-09-05 00:15:38,0.9211476886886037
2022-09-05 17:27:52,0.9181319273511167
2022-09-06 10:02:53,0.9212565202730592
2022-09-07 04:14:06,0.8762568196222672
2022-09-07 21:38:48,0.8801676635280087
2022-09-08 17:20:55,0.8940792870288053
2022-09-09 11:17:13,0.9497786999397398
2022-09-10 03:54:02,0.9905947128808085
2022-09-10 19:42:29,0.9912972202909677
2022-09-11 09:52:15,1.0026120365959112
2022-09-12 02:17:46,1.0061637904873117
2022-09-12 18:17:33,1.0356772285032632
2022-09-13 11:06:50,1.0365116965454184
2022-09-14 08:24:12,0.9447904638862087
2022-09-15 02:53:11,0.9377877526179321
2022-09-15 19:47:22,0.9310152914729142
2022-09-16 13:43:14,0.9237949300297073
2022-09-17 08:10:37,0.9308109992660001
2022-09-17 23:55:21,0.9386526622039565
2022-09-18 16:45:49,0.9315567512131578
2022-09-19 09:25:53,0.882198115611758
2022-09-20 05:12:05,0.912284890052284
2022-09-20 22:23:56,0.891648585767061
2022-09-21 16:03:54,0.8929085923662691
2022-09-22 10:06:40,0.8796578829145997
2022-09-23 07:05:57,0.9069507004764727
2022-09-24 01:20:00,0.8898421147213096
2022-09-24 18:47:39,0.8958198080792715
2022-09-25 12:20:09,0.8936124704505245
2022-09-26 06:15:20,0.8836627368915871
2022-09-26 23:08:36,0.8987581821291404
2022-09-27 20:46:26,0.9327636282576846
2022-09-28 13:19:03,0.8835454469272267
2022-09-29 06:26:12,0.9167926701449839
2022-09-29 23:49:58,0.909981645176632
2022-09-30 15:22:29,0.9170330592919322
2022-10-01 06:11:40,0.913227586107423
2022-10-01 20:15:23,0.9087028141950481
2022-10-02 11:40:52,0.907558327995955
2022-10-03 03:33:43,0.903424532860094
2022-10-03 20:32:34,0.9134266289437615
2022-10-04 11:35:45,0.9306489960621326
2022-10-05 02:28:13,0.9534482150573182
2022-10-05 15:34:09,0.9444593765467542
2022-10-06 09:05:31,0.9561150598781099
2022-10-07 01:17:49,0.9427544769428204
2022-10-07 16:21:38,0.9328631531476629
2022-10-08 06:50:47,0.9202620501101361
2022-10-08 21:57:33,0.9189038190971112
2022-10-09 13:15:52,0.9153726763816218
2022-10-10 06:40:57,0.917673464728977
2022-10-10 20:54:35,0.9092439018775632
2022-10-11 12:53:26,0.9002578042920851
2022-10-12 06:29:19,0.8992947676071767
2022-10-13 00:47:34,0.9028994281743126
2022-10-13 19:29:25,0.892054019084768
2022-10-14 11:15:17,0.9338061725287812
2022-10-15 02:49:01,0.9068887609618549
2022-10-15 20:27:39,0.9049270038513791
2022-10-16 13:25:35,0.9051600777049383
2022-10-17 06:13:17,0.9094920925400464
2022-10-18 00:34:35,0.9243255336082324
2022-10-18 18:40:04,0.9218296154118317
2022-10-19 11:28:31,0.9105539570007452
2022-10-20 04:42:44,0.9056836952487384
2022-10-20 22:09:15,0.9073780284493356
2022-10-21 14:28:44,0.8998225398169518
2022-10-22 08:13:53,0.907740450010598
2022-10-23 02:10:24,0.9105337475192313
2022-10-23 18:09:55,0.9099050315405166
2022-10-24 14:43:11,0.91863506678431
2022-10-25 07:37:47,0.9167503196716874
2022-10-26 04:33:32,0.9571023508244025
2022-10-26 21:01:07,0.982528999920102
2022-10-27 16:29:34,0.9809067106683358
2022-10-28 08:29:30,0.9604614480561279
2022-10-29 00:37:09,0.9778310867345443
2022-10-29 18:33:12,0.98788904039456
2022-10-30 13:02:32,0.985211417271415
2022-10-31 06:35:56,0.9749086580987766
2022-10-31 21:03:38,0.9661512360222743
2022-11-01 14:25:56,0.975526490730579
2022-11-02 08:22:27,0.9723225754951286
2022-11-03 03:58:34,0.960921145195246
2022-11-03 19:28:08,0.9598646311566875
2022-11-04 14:58:46,0.9774296032912012
2022-11-05 09:50:25,1.0114767862655032
2022-11-06 02:03:16,1.0107387861945145
2022-11-06 19:45:50,1.0072727833414552
2022-11-07 13:44:14,0.9874104411162701
2022-11-08 07:17:48,0.9621150257845819
2022-11-08 23:24:30,0.9028997459679441
2022-11-09 15:32:22,0.8469699408523058
2022-11-10 08:44:26,0.786815630105326
2022-11-11 03:21:14,0.8418617021657827
2022-11-11 22:18:46,0.8080442189826931
2022-11-12 12:54:47,0.807019921173541
2022-11-13 07:54:30,0.8107631409539492
2022-11-14 02:56:06,0.793469917474099
2022-11-14 22:35:30,0.8004762225326033
2022-11-15 15:09:56,0.8136181777288096
2022-11-16 09:08:09,0.8153122281120854
2022-11-17 01:37:26,0.8025426220224167
2022-11-17 18:35:39,0.8043234208089066
2022-11-18 14:12:47,0.8225150768440399
2022-11-19 08:03:10,0.8176774275641586
2022-11-20 01:16:01,0.8187113017856983
2022-11-20 19:14:52,0.8161152128097056
2022-11-21 14:11:19,0.7926241059003116
2022-11-22 10:22:32,0.7783152237129746
2022-11-23 04:45:32,0.8020603471072749
2022-11-23 23:49:13,0.8134119149688737
2022-11-24 20:22:11,0.8181739569136277
2022-11-25 14:56:35,0.8126581168827496
2022-11-26 15:23:35,0.8208006642788662
2022-11-27 10:30:34,0.8178147924353172
2022-11-28 06:53:06,0.8100169368485677
2022-11-29 00:09:02,0.8034739541860727
2022-11-29 19:02:49,0.8142631629476039
2022-11-30 12:42:52,0.8372063986231175
2022-12-01 06:17:40,0.8502034197373479
2022-12-02 00:42:02,0.8428149404498021
2022-12-02 20:13:19,0.8412606550555131
2022-12-03 16:26:07,0.8424138489820476
2022-12-04 11:14:45,0.8442999298735048
2022-12-05 05:34:18,0.8536873485757518
2022-12-05 23:14:10,0.8470852109039672
2022-12-06 16:46:31,0.8470530155663315
2022-12-07 09:18:01,0.8467394153268244
2022-12-08 00:06:52,0.8390714239011577
2022-12-08 16:14:34,0.840883822948663
2022-12-09 08:03:21,0.8598238322943625
2022-12-10 00:37:33,0.8562424056685625
2022-12-10 16:45:08,0.8577454302219304
2022-12-11 12:25:00,0.8574652488300631
2022-12-12 02:56:03,0.8538629170735688
2022-12-12 21:28:41,0.8509721800894015
2022-12-13 15:13:06,0.8710933066344093
2022-12-14 05:22:06,0.8892054070496956
2022-12-14 22:21:06,0.9018305654377683
2022-12-15 17:09:02,0.8804151892589633
2022-12-16 10:04:43,0.8716379334836758
2022-12-17 06:51:03,0.8378514526742339
2022-12-18 02:04:57,0.838161032048236
2022-12-18 20:53:54,0.8378094582591216
2022-12-19 13:13:34,0.8390844485876486
2022-12-20 08:51:21,0.8356395090030464
2022-12-21 02:51:40,0.8468345126418856
2022-12-21 19:56:27,0.8452087718269279
2022-12-22 15:44:57,0.8446581902996448
2022-12-23 08:18:59,0.8459649141559928
2022-12-24 06:21:21,0.8465568246198888
2022-12-25 06:11:03,0.8475096092941277
2022-12-26 02:09:51,0.8463345415943663
2022-12-26 22:39:50,0.8479081091862529
2022-12-27 20:36:08,0.8457850313722203
2022-12-28 12:42:49,0.839250189827323
2022-12-29 03:58:49,0.8360698983651182
2022-12-29 21:55:11,0.8393089169533158
2022-12-30 15:47:05,0.832843091984916
2022-12-31 06:16:07,0.8373178570644599
2022-12-31 22:23:07,0.8385184450924426
2023-01-01 15:46:41,0.8374416767670724
2023-01-02 08:47:33,0.8427342366485088
2023-01-03 00:08:40,0.8470710035106501
2023-01-03 16:35:36,0.8469723452168854
2023-01-04 08:51:53,0.8518429205723453
2023-01-05 03:13:58,0.853922367655138
2023-01-05 20:22:05,0.8531382495978771
2023-01-06 12:57:08,0.8512508065790719
2023-01-07 01:19:37,0.8580127379800953
2023-01-07 17:49:45,0.8589253355162112
2023-01-08 10:22:04,0.8598344539160319
2023-01-09 03:43:18,0.8644301216968899
2023-01-09 20:39:03,0.8770135723381478
2023-01-10 13:06:43,0.8747171927299535
2023-01-11 02:41:46,0.8855508086384889
2023-01-11 20:00:22,0.8842453128105789
2023-01-12 12:34:25,0.9223371069978454
2023-01-13 05:52:56,0.9567368089825771
2023-01-13 22:55:15,0.981333761126091
2023-01-14 14:08:14,1.0561537333183677
2023-01-15 04:22:24,1.0577322617074718
2023-01-15 20:57:21,1.0560003857631575
2023-01-16 13:03:18,1.0676021301059997
2023-01-17 05:43:56,1.072291023239538
2023-01-17 22:11:47,1.0781367716424877
2023-01-18 15:37:27,1.0774752699702295
2023-01-19 09:51:43,1.0515827521455134
2023-01-20 02:48:05,1.0666730933278394
2023-01-20 23:40:59,1.089416845117155
2023-01-21 17:38:04,1.1612173138502802
2023-01-22 12:41:46,1.155750575910402
2023-01-23 04:03:35,1.147585694183127
2023-01-23 20:41:06,1.156243309704642
2023-01-24 15:12:45,1.1631753719969247
2023-01-25 08:28:05,1.1434317265299405
2023-01-25 23:06:17,1.1505729938813922
2023-01-26 14:43:14,1.163918830502907
2023-01-27 07:42:44,1.1558031454008348
2023-01-28 00:04:31,1.1660124764352113
2023-01-28 15:33:17,1.1626779992410217
2023-01-29 06:10:41,1.1706028166443503
2023-01-29 22:50:53,1.1996352223899123
2023-01-30 16:26:51,1.1775202443736072
2023-01-31 14:43:32,1.156729439279632
2023-02-01 10:20:28,1.166350915189587
2023-02-02 03:09:40,1.1973387075658872
2023-02-02 22:01:04,1.2028324864486453
2023-02-03 16:21:53,1.1839771278640174
2023-02-04 11:58:35,1.1773937471520342
2023-02-05 04:47:29,1.1772658607197555
2023-02-05 22:17:00,1.1642585272666295
2023-02-06 16:07:26,1.1525873257724872
2023-02-07 10:07:05,1.1533772451671784
2023-02-08 04:40:42,1.1691460890619743
2023-02-08 20:46:28,1.1596129611191373
2023-02-09 13:57:53,1.1441650730214703
2023-02-10 05:32:06,1.1009991485452983
2023-02-10 23:39:30,1.0922705887676807
2023-02-11 16:57:06,1.0951341596629747
2023-02-12 08:25:43,1.09970118359411
2023-02-13 00:46:53,1.1060301234421959
2023-02-13 17:43:13,1.0910640059104377
2023-02-14 09:41:53,1.0957967576525387
2023-02-15 03:02:45,1.1179987498160207
2023-02-15 18:34:04,1.1359338918610151
2023-02-16 08:21:10,1.2416883565395547
2023-02-16 22:59:16,1.245620059471236
2023-02-17 13:57:09,1.1977371940742632
2023-02-18 05:26:41,1.2407538367832731
2023-02-18 20:14:56,1.2421923531859425
2023-02-19 11:08:07,1.2403551123847705
2023-02-20 04:36:44,1.2298199578967384
2023-02-20 21:27:04,1.251411970574205
2023-02-21 14:19:33,1.2468396819426053
2023-02-22 06:22:24,1.2234001176967795
2023-02-23 00:10:05,1.1992415188212553
2023-02-23 15:19:49,1.2168094882786122
2023-02-24 07:19:57,1.2046251083584707
2023-02-25 03:45:02,1.166181487877896
2023-02-26 02:49:10,1.1603066491637575
2023-02-26 17:49:18,1.1687116503794246
2023-02-27 10:59:36,1.1823690151733797
2023-02-28 04:33:24,1.1784817678518118
2023-02-28 23:27:50,1.179084142971675
2023-03-01 15:25:34,1.1976813097218468
2023-03-02 05:58:41,1.1868937951936689
2023-03-03 00:01:45,1.178709783299761
2023-03-03 16:45:42,1.1278080780940236
2023-03-04 08:29:48,1.1270106657627166
2023-03-04 23:44:52,1.1237953340877582
2023-03-05 17:00:16,1.1295861759102968
2023-03-06 09:56:24,1.1301111840039337
2023-03-07 05:16:08,1.1322073576553486
2023-03-07 20:18:18,1.127656235411996
2023-03-08 13:05:38,1.1153226707216608
2023-03-09 11:03:43,1.1002147067594554
2023-03-10 05:43:50,1.0303009251302404
2023-03-10 23:36:03,1.0148497022311525
2023-03-11 14:55:02,1.0213407614188386
2023-03-12 06:28:50,1.0375547640680962
2023-03-12 21:53:46,1.0520770475433165
2023-03-13 13:44:18,1.1299636264876787
2023-03-14 07:14:14,1.2327121813874835
2023-03-15 00:59:23,1.2777411469392952
2023-03-15 18:41:05,1.2439558326936844
2023-03-16 13:04:17,1.2423762516199093
2023-03-17 07:21:09,1.284527875761633
2023-03-18 00:41:27,1.3511186034797749
2023-03-18 15:47:32,1.3804780742030238
2023-03-19 08:36:09,1.3625439255023022
2023-03-20 01:37:29,1.4087369494658066
2023-03-20 18:10:59,1.4077139800189364
2023-03-21 11:40:19,1.3976563056338807
2023-03-22 04:34:03,1.4091380627821775
2023-03-22 20:55:22,1.418168180632054
2023-03-23 11:04:10,1.3837193451044256
2023-03-24 01:53:48,1.4146603976586352
2023-03-24 17:14:02,1.3998406908695455
2023-03-25 10:45:07,1.3787277397726032
2023-03-26 03:47:28,1.3744048458001894
2023-03-26 21:13:44,1.3944910884027273
2023-03-27 13:37:34,1.394819205119758
2023-03-28 09:12:32,1.3511013762252173
2023-03-29 04:33:52,1.3603007666510267
2023-03-29 21:55:40,1.41639249517684
2023-03-30 13:35:31,1.429126983758963
2023-03-31 06:17:24,1.4250715067065691
2023-04-01 01:20:04,1.4408201732039985
2023-04-01 17:46:40,1.4372835318316828
2023-04-02 12:36:11,1.4391413293240225
2023-04-03 05:43:32,1.4144089810035947
2023-04-04 01:37:46,1.4129706535980986
2023-04-04 16:53:27,1.4242656031630319
2023-04-05 10:14:27,1.4439093131679634
2023-04-06 04:33:59,1.4212618896927451
2023-04-06 20:35:37,1.4134812547263134
2023-04-07 14:46:59,1.40955193546288
2023-04-08 07:54:34,1.413588387429392
2023-04-09 01:37:35,1.4117188318424527
2023-04-09 16:49:45,1.4094384408591387
2023-04-10 13:48:22,1.4291799844825572
2023-04-11 08:34:14,1.5151499697369846
2023-04-12 01:52:35,1.5218295972412432
2023-04-12 16:59:28,1.5146939056923723
2023-04-13 11:55:52,1.5177604887124463
2023-04-14 04:32:09,1.5337369574451076
2023-04-14 23:13:59,1.5286056810039224
2023-04-15 14:42:36,1.5287246321056196
2023-04-16 09:00:41,1.5232506077612786
2023-04-17 05:51:17,1.5162814944758547
2023-04-17 20:44:37,1.4826426210763486
2023-04-18 12:10:56,1.493593374720621
2023-04-19 05:31:25,1.5214919517658685
2023-04-19 23:13:34,1.470289824836714
2023-04-20 17:48:36,1.4465339566111795
2023-04-21 13:19:46,1.412148841844622
2023-04-22 05:54:52,1.3702837731928394
2023-04-22 22:45:55,1.3829519204132508
2023-04-23 17:04:24,1.3871682019951852
2023-04-24 11:31:50,1.38566429887038
2023-04-25 06:13:14,1.3770016802404763
2023-04-26 01:29:24,1.396660251753657
2023-04-26 21:07:44,1.4760212049450694
2023-04-27 16:06:58,1.451737798781661
2023-04-28 09:06:41,1.478461031140618
2023-04-29 05:31:21,1.4704122315847883
2023-04-29 23:05:50,1.4661610511777623
2023-04-30 15:32:06,1.467478169003413
2023-05-01 08:45:22,1.4413708542985992
2023-05-01 22:12:06,1.4104317391957943
2023-05-02 19:13:03,1.4136612917508933
2023-05-03 12:34:58,1.4325771989167038
2023-05-04 04:13:08,1.4487392887151167
2023-05-04 22:56:22,1.445084313854445
2023-05-05 20:37:42,1.463919962012819
2023-05-06 12:28:14,1.4666838390095047
2023-05-07 08:43:31,1.4454866935303843
2023-05-08 02:50:18,1.4315022057787026
2023-05-08 20:01:52,1.3842746091012192
2023-05-09 11:21:25,1.3731086729437512
2023-05-10 07:17:52,1.3765516293899207
2023-05-10 21:20:43,1.3875427716241466
2023-05-11 13:28:44,1.3665060460424308
2023-05-12 08:42:56,1.3275755098514916
2023-05-13 01:10:25,1.3197164384169562
2023-05-13 18:53:17,1.3347978939348537
2023-05-14 11:20:41,1.3361396156217438
2023-05-15 01:01:22,1.3403023046812719
2023-05-15 17:52:21,1.3634429994550594
2023-05-16 12:15:49,1.3481116460986788
2023-05-17 04:16:11,1.3439323702735364
2023-05-17 20:46:02,1.333517703395413
2023-05-18 11:56:25,1.3578602459478173
2023-05-19 08:26:14,1.3357125195753778
2023-05-20 01:31:03,1.3359350361630569
2023-05-20 20:39:53,1.341315128257529
2023-05-21 14:04:18,1.3441040851516224
2023-05-22 07:19:24,1.3278643405820343
2023-05-23 00:02:00,1.3357264302629466
2023-05-23 15:24:11,1.3551351795581736
2023-05-24 09:13:48,1.3353418524867164
2023-05-25 04:21:40,1.3045630539891904
2023-05-25 20:03:04,1.3060865733555584
2023-05-26 12:40:10,1.3114222931569386
2023-05-27 06:39:24,1.3262754935419576
2023-05-27 23:31:20,1.3252713686120299
2023-05-28 15:02:24,1.348376686569306
2023-05-29 08:23:53,1.3905740784444245
2023-05-29 23:37:03,1.3719311060372474
2023-05-30 16:10:44,1.380242951037128
2023-05-31 09:18:12,1.3588980927626166
2023-06-01 04:54:04,1.3400311117628743
2023-06-01 23:11:58,1.33385931802455
2023-06-02 13:49:00,1.3428637876901401
2023-06-03 07:08:59,1.3456311491530655
2023-06-04 04:36:28,1.3418525219407738
2023-06-04 20:40:18,1.3471117612541266
2023-06-05 14:48:43,1.3252859647173096
2023-06-06 06:28:32,1.2744740363610856
2023-06-07 01:53:07,1.3212635691703518
2023-06-07 21:56:40,1.3134056508594154
2023-06-08 13:21:30,1.3100022492825951
2023-06-09 05:42:24,1.314160041035273
2023-06-09 20:30:03,1.3149829593728655
2023-06-10 14:46:11,1.2718984049007718
2023-06-11 04:42:03,1.2789781970832468
2023-06-11 20:05:47,1.2795251397765817
2023-06-12 13:53:52,1.2835555507149568
2023-06-13 07:04:56,1.2880053126666928
2023-06-13 23:23:26,1.2814412922489828
2023-06-14 20:23:27,1.2873452154851117
2023-06-15 13:07:42,1.2377561497198968
2023-06-16 06:26:12,1.266964713461857
2023-06-16 23:56:01,1.292424985421196
2023-06-17 17:57:13,1.3150493535843193
2023-06-18 12:42:11,1.3150404037684138
2023-06-19 04:18:21,1.3101293982606952
2023-06-19 22:31:47,1.3168650552578376
2023-06-20 17:36:28,1.3326541425509018
2023-06-21 12:42:58,1.42882714968963
2023-06-22 10:48:52,1.4950853328274154
2023-06-23 02:58:36,1.4858724861511552
2023-06-24 00:49:17,1.5215954464436983
2023-06-24 17:18:48,1.5129575695167192
2023-06-25 11:56:38,1.5172257051455769
2023-06-26 03:11:41,1.499955949586381
2023-06-26 21:40:54,1.4949000824715897
2023-06-27 15:20:22,1.5040909056179177
2023-06-28 11:10:20,1.49846568475286
2023-06-29 10:27:51,1.4871504957922272
2023-06-30 01:51:57,1.5009802812209476
2023-06-30 17:49:17,1.5050424795194912
2023-07-01 12:04:58,1.4959014321003208
2023-07-02 06:12:40,1.5005468517221454
2023-07-02 20:23:46,1.4995471879508795
2023-07-03 15:16:01,1.5062025233283582
2023-07-04 10:15:02,1.524841460940403
2023-07-05 02:56:28,1.511895833832477
2023-07-05 19:36:08,1.4926499102239472
2023-07-06 15:19:17,1.5086234001508674
2023-07-07 06:55:11,1.4779158343907974
2023-07-07 19:54:37,1.4887518931039945
2023-07-08 10:17:48,1.4855076739150066
2023-07-09 01:21:23,1.4833320688513074
2023-07-09 16:44:02,1.487993099302111
2023-07-10 07:30:00,1.4789578166026682
2023-07-11 01:29:04,1.4970145129627819
2023-07-11 19:31:19,1.4964671052271008
2023-07-12 14:44:37,1.5061555338959225
2023-07-13 09:22:10,1.4891299869579597
2023-07-14 06:27:53,1.5417601780266996
2023-07-15 00:55:45,1.499956589474937
2023-07-15 19:41:40,1.4861238424148409
2023-07-16 13:25:45,1.4830095358719848
2023-07-17 06:05:49,1.4842998672470258
2023-07-18 00:06:21,1.4742400538890539
2023-07-18 15:20:19,1.4680664867213213
2023-07-19 07:18:42,1.4719982024477547
2023-07-20 02:30:38,1.4676405779439978
2023-07-20 21:25:51,1.466727644731712
2023-07-21 20:17:19,1.4620676194251465
2023-07-22 16:21:58,1.464319385693075
2023-07-23 10:00:49,1.4640030213631297
2023-07-24 03:11:44,1.4724536323935207
2023-07-24 19:47:49,1.4273854961530703
2023-07-25 12:27:08,1.427897769082523
2023-07-26 07:52:02,1.4319067851333012
2023-07-27 02:22:27,1.438556524389651
2023-07-27 20:59:28,1.4392792638331557
2023-07-28 13:13:39,1.4361064172780271
2023-07-29 08:01:48,1.4443967195451486
2023-07-30 04:13:26,1.4429638619450607
2023-07-30 20:06:00,1.4436466216536328
2023-07-31 11:41:38,1.4456440577719623
2023-08-01 07:28:47,1.4281305123950145
2023-08-02 01:08:51,1.4361486093363005
2023-08-02 17:50:58,1.4442696132676218
2023-08-03 08:37:37,1.4337171889476263
2023-08-04 04:28:52,1.4367773264184687
2023-08-05 01:16:44,1.4327057902374503
2023-08-05 16:52:44,1.4267955701400417
2023-08-06 11:33:02,1.4281936093174423
2023-08-07 02:04:56,1.4290000205191955
2023-08-07 18:41:28,1.425872215382887
2023-08-08 15:00:49,1.43836530366659
2023-08-09 08:24:59,1.4614346152150097
2023-08-10 00:28:12,1.4520319038652265
2023-08-10 20:12:34,1.4493869739698797
2023-08-11 11:57:36,1.4442951255443517
2023-08-12 06:16:45,1.4443136610276146
2023-08-12 20:52:30,1.445519160417485
2023-08-13 16:17:05,1.44336675065139
2023-08-14 07:47:30,1.4403656695944873
2023-08-14 22:27:23,1.4450963446469223
2023-08-15 13:03:09,1.4426733961253386
2023-08-16 05:17:56,1.4339195543725916
2023-08-16 21:03:41,1.4290330661012636
2023-08-17 13:27:38,1.404245622004044
2023-08-18 05:54:27,1.3056509317344465
2023-08-19 01:04:14,1.2803530464527861
2023-08-19 19:47:13,1.2809498507979458
2023-08-20 09:29:46,1.2828207100735123
2023-08-21 04:01:08,1.2863140590771664
2023-08-21 17:46:08,1.280310828751104
2023-08-22 11:46:04,1.2821956456159407
2023-08-23 05:19:03,1.275564863982783
2023-08-23 23:25:36,1.2930575308683578
2023-08-24 16:30:34,1.298936091891085
2023-08-25 11:06:25,1.2837764916166556
2023-08-26 06:58:26,1.2841962561035856
2023-08-27 03:31:42,1.2828441050553037
2023-08-28 00:00:56,1.2864066147204072
2023-08-28 22:22:17,1.285427199271882
2023-08-29 13:42:51,1.2830067627170854
2023-08-30 08:18:38,1.3565142392554197
2023-08-31 04:22:25,1.3422082261796235
2023-08-31 21:03:32,1.3174236428022286
2023-09-01 15:14:03,1.2830901048977472
2023-09-02 07:41:21,1.2717566171507886
2023-09-03 00:08:28,1.275136823766341
2023-09-03 16:17:55,1.2778898659037414
2023-09-04 08:20:47,1.2799341961411175
2023-09-05 01:54:54,1.2733986529584331
2023-09-05 23:38:10,1.2698305752418395
2023-09-06 16:39:21,1.2689939590865063
2023-09-07 12:31:24,1.2721282320662575
2023-09-08 05:21:16,1.295201970493649
2023-09-09 01:07:53,1.276376228605895
2023-09-09 18:40:25,1.276754410819392
2023-09-10 10:55:01,1.276101397421271
2023-09-11 04:33:01,1.2718549517845361
2023-09-11 20:55:58,1.2483408308532689
2023-09-12 12:49:54,1.2774005217977693
2023-09-13 06:58:55,1.2805707344391026
2023-09-14 02:09:36,1.2937820808396026
2023-09-14 17:19:35,1.3080173002672655
2023-09-15 07:02:00,1.3119870750085718
2023-09-15 20:55:54,1.3011365229782619
2023-09-16 12:13:02,1.3108744594972286
2023-09-17 05:46:50,1.3104771652962932
2023-09-17 21:25:57,1.309960801094367
2023-09-18 12:43:42,1.3222159952649466
2023-09-19 06:59:18,1.3223289576357877
2023-09-20 02:47:21,1.342396161452548
2023-09-20 18:49:07,1.3381215137569753
2023-09-21 15:12:48,1.3236504540140976
2023-09-22 08:55:21,1.3136130428909596
2023-09-23 04:11:28,1.3111446485237934
2023-09-23 20:14:27,1.3120809446630666
2023-09-24 12:26:20,1.3116779359249757
2023-09-25 06:39:42,1.2966380819997874
2023-09-26 00:37:22,1.2983394865038633
2023-09-26 19:01:13,1.2940585281629011
2023-09-27 11:26:59,1.297075082369981
2023-09-28 04:58:47,1.2994581391823097
2023-09-28 21:57:00,1.321479495395191
2023-09-29 15:12:40,1.3330756951910816
2023-09-30 09:07:52,1.3280843587588076
2023-10-01 04:30:32,1.332088327692008
2023-10-01 22:16:33,1.3377392888749697
2023-10-02 13:44:34,1.3927711906813753
2023-10-03 06:08:19,1.3583414549218598
2023-10-03 21:35:01,1.3492386227121478
2023-10-04 16:30:27,1.353900481780843
2023-10-05 11:50:12,1.3633068695612898
2023-10-06 05:13:02,1.3535954277010782
2023-10-06 20:40:21,1.3667888332634102
2023-10-07 11:38:08,1.3753545916236043
2023-10-08 03:40:26,1.3755056253933255
2023-10-08 21:00:15,1.3721980299678505
2023-10-09 15:06:22,1.36170688292976
2023-10-10 05:05:43,1.3598980970822805
2023-10-10 20:44:18,1.348661874238508
2023-10-11 11:58:59,1.3348971839070163
2023-10-12 05:52:01,1.319706048957294
2023-10-12 20:53:35,1.3157372376983838
2023-10-13 15:44:55,1.3211293813846168
2023-10-14 08:23:56,1.3238806876125435
2023-10-15 01:37:17,1.3227597643799114
2023-10-15 16:10:23,1.3231871259275654
2023-10-16 11:00:22,1.3512520134571242
2023-10-17 02:47:29,1.3984478221134669
2023-10-17 19:41:19,1.3969290484691212
2023-10-18 14:12:37,1.40202888091516
2023-10-19 05:55:04,1.3908001311245723
2023-10-20 01:00:49,1.4094870513330051
2023-10-20 18:44:29,1.4576086563487982
2023-10-21 14:26:11,1.4599313562817193
2023-10-22 05:39:46,1.471168895301946
2023-10-22 23:25:15,1.4668570052068954
2023-10-23 15:17:00,1.5036540443545243
2023-10-24 07:57:58,1.6586473866101732
2023-10-25 04:02:23,1.6613666059316727
2023-10-25 23:05:08,1.6886940247852735
2023-10-26 13:58:38,1.6780357712730172
2023-10-27 09:19:00,1.6594920474843655
2023-10-28 00:58:45,1.643402975953737
2023-10-28 16:17:21,1.660350331302808
2023-10-29 10:56:03,1.6572758570961246
2023-10-30 04:20:47,1.6772106863825627
2023-10-30 21:44:46,1.6778654188583795
2023-10-31 12:28:05,1.6690268243494903
2023-11-01 06:07:57,1.6750351714749705
2023-11-01 22:43:21,1.6790020774533791
2023-11-02 18:33:07,1.6984777890901521
2023-11-03 11:04:00,1.6701482453986332
2023-11-04 05:11:47,1.6781515285428286
2023-11-04 19:57:21,1.6807833530576406
2023-11-05 11:07:26,1.6991912174429054
2023-11-06 04:48:48,1.6911569406592386
2023-11-07 00:28:58,1.6930218816886622
2023-11-07 20:08:42,1.6815895244506927
2023-11-08 11:42:09,1.702710355015122
2023-11-09 06:49:27,1.7370576910506692
2023-11-10 00:28:50,1.7575990525657148
2023-11-10 17:32:19,1.7718983893487685
2023-11-11 09:38:59,1.7806309172931294
2023-11-12 02:37:44,1.777415140221079
2023-11-12 18:25:53,1.7796941293371837
2023-11-13 13:03:27,1.7751393108182516
2023-11-14 08:08:30,1.750140488308324
2023-11-15 03:39:24,1.705007936451632
2023-11-15 19:39:33,1.7398630162323283
2023-11-16 13:37:46,1.788363621900171
2023-11-17 07:09:56,1.7388002881541482
2023-11-17 23:47:53,1.7368047630943293
2023-11-18 16:44:28,1.743067654547973
2023-11-19 07:15:22,1.745952103988013
2023-11-19 23:44:15,1.7548769721332256
2023-11-20 15:07:56,1.7762751094719784
2023-11-21 06:59:13,1.7868715005096882
2023-11-22 00:02:03,1.7570424105818503
2023-11-22 17:50:00,1.742083724455057
2023-11-23 10:32:00,1.7788928229380552
2023-11-24 04:40:42,1.7761076362946477
2023-11-24 19:30:37,1.8003454402800136
2023-11-25 11:48:22,1.796157586277668
2023-11-26 03:42:00,1.7963720015123952
2023-11-26 21:18:56,1.7770457268645392
2023-11-27 17:28:49,1.7628667667911333
2023-11-28 11:08:17,1.7628096189075295
2023-11-29 04:29:16,1.8044121637683157
2023-11-29 23:37:44,1.7982012492583184
2023-11-30 18:45:56,1.7882909918718248
2023-12-01 09:52:35,1.8087504792852644
2023-12-02 02:47:46,1.8348978231371529
2023-12-02 22:11:34,1.8419218738377974
2023-12-03 14:51:01,1.8652292592006683
2023-12-04 04:51:59,1.9008193682161603
2023-12-04 22:43:24,1.9678537037660784
2023-12-05 14:43:03,1.9629487916994037
2023-12-06 12:11:19,2.0589055854568508
2023-12-07 06:22:19,2.0596540953281264
2023-12-08 05:52:37,2.0278096414706646
2023-12-08 22:59:28,2.05446200758314
2023-12-09 15:39:30,2.0534350701481294
2023-12-10 08:11:14,2.0466500140687978
2023-12-11 03:45:29,2.030640049740337
2023-12-11 20:16:30,1.9524373618603756
2023-12-12 13:40:30,1.9454816517035671
2023-12-13 07:20:22,1.9133119120961912
2023-12-13 23:28:18,1.9650900909000448
2023-12-14 14:40:49,1.9965490413522382
2023-12-15 10:05:26,1.985675747670415
2023-12-16 00:34:53,1.9518475720595494
2023-12-16 17:50:18,1.965982624949659
2023-12-17 11:03:15,1.9451185966065874
2023-12-18 03:04:07,1.9310010130363335
2023-12-18 18:57:25,1.9141157304128593
2023-12-19 11:42:04,1.9907913597842186
2023-12-20 01:42:53,1.953131671485287
2023-12-20 20:18:01,2.0221685126956666
2023-12-21 13:32:36,2.0207412965998386
2023-12-22 06:33:59,2.0278973290889
2023-12-22 22:07:04,2.0144720339418605
2023-12-23 11:52:51,2.0072927941508127
2023-12-24 04:56:12,2.015754847742788
2023-12-24 20:00:44,2.010302221894044
2023-12-25 13:07:18,1.9858825989752182
2023-12-26 05:50:49,2.000081088594394
2023-12-27 01:19:59,1.9436901077383453
2023-12-27 21:36:26,1.9732549888608317
2023-12-28 19:54:24,1.956053917078257
2023-12-29 11:41:11,1.9465321310502448
2023-12-30 06:03:34,1.9182823028316245
2023-12-30 23:24:52,1.9334516923399463
2023-12-31 14:33:32,1.9367089512656153
2024-01-01 07:38:26,1.9343653444778552
2024-01-02 01:12:09,1.975496377035702
2024-01-02 20:00:18,2.0630005818330055
2024-01-03 12:44:04,2.0519892922070717
2024-01-04 04:47:21,1.9417069949565773
2024-01-04 19:06:18,1.972045463429458
2024-01-05 12:52:12,1.9709102138747892
2024-01-06 06:04:11,1.9800765035510421
2024-01-07 00:48:21,1.9757132911793496
2024-01-07 22:54:26,1.9851852050785133
2024-01-08 19:16:54,2.0128227610827962
2024-01-09 14:16:41,2.0914061803085953
2024-01-10 08:00:37,2.057800811525044
2024-01-11 01:36:54,2.0684470129746653
2024-01-11 15:13:58,2.091388394700629
2024-01-12 09:36:16,2.0582777745013616
2024-01-12 22:52:29,1.9481996875701102
2024-01-13 16:03:15,1.9136884425040153
2024-01-14 09:53:40,1.9115616070123962
2024-01-15 05:02:26,1.8915125189404973
2024-01-16 02:55:38,1.9043486056278434
2024-01-16 23:11:30,1.9114396593562553
2024-01-17 20:12:07,1.888334453204411
2024-01-18 16:31:20,1.8920301941454178
2024-01-19 08:25:09,1.8266759340042322
2024-01-20 03:38:04,1.8445536005681722
2024-01-20 22:54:20,1.844798077769563
2024-01-21 15:38:29,1.8508543370400614
2024-01-22 09:53:58,1.8228256506856206
2024-01-23 02:08:41,1.7728412721901803
2024-01-23 18:19:28,1.7284457230535215
2024-01-24 11:47:09,1.7663837271969178
2024-01-25 02:12:36,1.7641134624246149
2024-01-25 18:24:25,1.7628829403601616
2024-01-26 10:34:07,1.7670817699254178
2024-01-27 01:58:06,1.8484669652580354
2024-01-27 17:38:44,1.8387659539616403
2024-01-28 09:30:14,1.8602956386350353
2024-01-29 01:23:39,1.8483477348845259
2024-01-29 17:13:43,1.8577932423276298
2024-01-30 09:06:38,1.9086982520414393
2024-01-31 04:29:08,1.8984756761762178
2024-01-31 23:24:03,1.8990420994357466
2024-02-01 18:16:10,1.852656445059007
2024-02-02 07:18:52,1.8873125261100525
2024-02-02 21:20:11,1.8844788397669636
2024-02-03 12:58:11,1.886766709039007
2024-02-04 05:32:17,1.883564817679241
2024-02-04 22:17:27,1.8768775752739746
2024-02-05 13:13:35,1.8815330598224453
2024-02-06 07:19:12,1.8682980928653476
2024-02-06 22:12:01,1.8835222848523647
2024-02-07 14:05:46,1.8769368869892056
2024-02-08 06:20:58,1.937613508766214
2024-02-09 00:59:11,1.9733488675230073
2024-02-09 15:31:10,2.0459132931917616
2024-02-10 08:20:00,2.057563686211681
2024-02-11 01:55:53,2.0705780727388428
2024-02-11 20:50:03,2.096390771884683
2024-02-12 10:48:13,2.0895613381854856
2024-02-13 02:20:10,2.1630654358852492
2024-02-13 21:50:35,2.1284819019066297
2024-02-14 15:33:22,2.2088162454864477
2024-02-15 07:53:16,2.23620792973152
2024-02-16 01:35:27,2.2255476088322164
2024-02-16 21:17:55,2.233880052697822
2024-02-17 14:32:56,2.2184383081900805
2024-02-18 09:51:41,2.209078029060236
2024-02-19 04:54:32,2.224295310089618
2024-02-20 00:13:37,2.2158951773398243
2024-02-20 19:04:35,2.2116025860456188
2024-02-21 11:27:19,2.2007057881245085
2024-02-22 07:48:45,2.189596252358387
2024-02-23 01:56:47,2.189809793020197
2024-02-23 18:55:47,2.165692595515896
2024-02-24 13:54:21,2.1602960559020836
2024-02-25 06:30:38,2.1875867922355945
2024-02-25 21:16:36,2.184203174183858
2024-02-26 16:26:48,2.1742898539364117
2024-02-27 11:39:44,2.3596923996062444
2024-02-28 05:46:12,2.3893775702153643
2024-02-28 23:55:52,2.533969151871461
2024-02-29 18:45:51,2.57867753995608
2024-03-01 12:25:54,2.5276192084187814
2024-03-02 05:32:41,2.5498043801020835
2024-03-03 01:07:24,2.5295980683341153
2024-03-03 17:15:33,2.5300601521609742
2024-03-04 12:24:10,2.6187113904982895
2024-03-05 06:10:46,2.7498561290723424
2024-03-05 21:04:15,2.652037233400413
2024-03-06 15:31:14,2.6343228323018484
2024-03-07 06:14:37,2.614941963241623
2024-03-07 21:47:10,2.647387573624516
2024-03-08 13:02:18,2.6381351949403746
2024-03-09 06:07:33,2.6595767386597835
2024-03-09 21:15:38,2.658652981015529
2024-03-10 15:13:05,2.7046514355029063
2024-03-11 06:45:42,2.661249628175899
2024-03-11 22:33:23,2.782129198454343
2024-03-12 15:58:00,2.762932972344151
2024-03-13 09:10:40,2.7633543121181163
2024-03-14 01:04:37,2.7632238439559624
2024-03-14 19:08:43,2.7094442811883046
2024-03-15 14:30:39,2.5377286566074693
2024-03-16 10:30:56,2.5895247388483913
2024-03-17 02:42:16,2.481095742683037
2024-03-17 21:12:18,2.5293773970160762
2024-03-18 13:17:15,2.542966086783367
2024-03-19 10:03:25,2.460376039164455
2024-03-19 23:47:42,2.394607114662648
2024-03-20 16:00:24,2.3431996214948163
2024-03-21 13:12:16,2.5036077778376518
2024-03-22 10:12:22,2.4446664272787486
2024-03-23 04:47:01,2.348358663034961
2024-03-23 20:23:32,2.3910230873317455
2024-03-24 11:09:58,2.3631450112236094
2024-03-25 03:04:10,2.426796929686152
2024-03-25 23:13:14,2.531619843154411
2024-03-26 18:23:17,2.5503670409552823
2024-03-27 10:46:47,2.536830022006819
2024-03-28 06:11:36,2.5054429450680535
2024-03-28 23:07:17,2.551251054876006
2024-03-29 17:35:15,2.5081406858416897
2024-03-30 09:24:31,2.5109148426832752
2024-03-31 01:44:52,2.5101586116496004
2024-03-31 21:38:40,2.5368564855004054
2024-04-01 14:57:55,2.4850376114871695
2024-04-02 07:01:07,2.4314847497465015
2024-04-03 00:57:22,2.3350312413968113
2024-04-03 17:37:07,2.354543632612735
2024-04-04 13:02:49,2.3388157911942176
2024-04-05 08:45:04,2.4011857513771964
2024-04-06 00:30:13,2.4047372446155277
2024-04-06 17:17:40,2.405683918024961
2024-04-07 08:53:41,2.4552232300614296
2024-04-07 23:10:01,2.4561399160670274
2024-04-08 14:41:45,2.537488964242185
2024-04-09 07:29:07,2.518761625505035
2024-04-10 00:59:53,2.4348588683473116
2024-04-10 17:27:02,2.4290591545096376
2024-04-11 10:19:13,2.4936632314015186
2024-04-12 08:26:38,2.485815713832302
2024-04-13 02:33:51,2.355942003756323
2024-04-13 18:07:21,2.3710315902560897
2024-04-14 10:55:49,2.2559900917938727
2024-04-15 01:31:53,2.2771553374172573
2024-04-15 21:01:44,2.2884411890817873
2024-04-16 13:15:27,2.219134086797136
2024-04-17 04:52:06,2.2401804011165467
2024-04-17 23:40:05,2.153242036422088
2024-04-18 17:36:20,2.1987983895952485
2024-04-19 10:28:41,2.1985344934238347
2024-04-20 04:24:43,2.2424419401121876
2024-04-21 00:29:45,2.2673320925761358
2024-04-21 18:35:52,2.276266769612785
2024-04-22 13:06:11,2.308474257317066
2024-04-23 04:30:59,2.3374103696107196
2024-04-23 18:55:43,2.327254175097739
2024-04-24 14:03:39,2.3247541413209856
2024-04-25 05:43:24,2.236391069130934
2024-04-25 22:02:38,2.2443854108097105
2024-04-26 17:53:39,2.229113844163119
2024-04-27 11:52:36,2.1919598419867836
2024-04-28 05:12:46,2.211970778452111
2024-04-29 01:00:34,2.2108544800100893
2024-04-29 20:53:46,2.1772902306619963
2024-04-30 13:53:36,2.1653770409512014
2024-05-01 08:57:39,2.0794358722629487
2024-05-02 05:18:37,2.0090802243520014
2024-05-02 22:55:17,2.0525054963974676
2024-05-03 18:23:14,2.097301342023208
2024-05-04 12:29:11,2.193950229711649
2024-05-05 04:45:30,2.207955564833541
2024-05-06 00:32:34,2.22495336099503
2024-05-06 21:01:53,2.216340569542144
2024-05-07 18:10:27,2.2105403457322343
2024-05-08 17:38:59,2.163119661214263
2024-05-09 10:41:15,2.1308932780064875
2024-05-10 03:56:27,2.1742631705682562
2024-05-10 21:19:16,2.141771847776027
2024-05-11 12:54:16,2.106601494641787
2024-05-12 06:13:25,2.1099520498323048
2024-05-13 01:39:38,2.1261354851603893
2024-05-13 18:59:17,2.174008726981229
2024-05-14 13:43:02,2.14742287445395
2024-05-15 07:04:57,2.131283687833994
2024-05-16 01:03:53,2.2646174394603777
2024-05-16 19:43:35,2.262716730152881
2024-05-17 12:01:27,2.269667013000031
2024-05-18 06:44:49,2.3001232572494557
2024-05-19 01:55:16,2.2970078512146936
2024-05-19 19:00:09,2.2979245350234967
2024-05-20 10:43:55,2.2932900694013236
2024-05-21 03:44:40,2.4036071441036526
2024-05-21 21:54:58,2.3857228362368716
2024-05-22 15:31:30,2.3827444919588503
2024-05-23 08:39:58,2.369123084384626
2024-05-23 23:15:19,2.3046043429228726
2024-05-24 13:52:01,2.293490303987425
2024-05-25 06:29:12,2.33835534494116
2024-05-25 23:26:53,2.3502526347873394
2024-05-26 15:41:45,2.352795730068394
2024-05-27 09:51:32,2.3353709322480634
2024-05-28 04:46:54,2.350312506503464
2024-05-28 22:31:23,2.27105228320389
2024-05-29 19:05:14,2.2619264954828493
2024-05-30 12:21:55,2.2656401981601615
2024-05-31 07:49:12,2.281663059008329
2024-06-01 01:30:59,2.248710346565719
2024-06-01 20:05:54,2.2547231541364208
2024-06-02 14:39:45,2.256873944736591
2024-06-03 07:21:39,2.2712940906856183
2024-06-03 23:48:03,2.2994506453110763
2024-06-04 18:57:11,2.3044995609665544
2024-06-05 15:08:27,2.3516271878641626
2024-06-06 13:04:39,2.351689300106212
2024-06-07 05:49:14,2.340371310263159
2024-06-08 00:10:03,2.3155806169708963
2024-06-08 14:51:48,2.2887183074317132
2024-06-09 08:42:15,2.2843018428161095
2024-06-09 22:58:18,2.294982635900109
2024-06-10 16:57:02,2.2892167474266616
2024-06-11 11:51:20,2.2302021536350742
2024-06-12 07:10:04,2.2110989355844834
2024-06-13 02:48:48,2.2553686489283726
2024-06-13 19:31:14,2.206594768191474
2024-06-14 15:31:04,2.1972976449216928
2024-06-15 10:22:10,2.170350074317872
2024-06-16 04:29:06,2.168641985667928
2024-06-16 20:08:27,2.1829994256407868
2024-06-17 12:03:11,2.1656370888584133
2024-06-18 06:57:34,2.1573905548189707
2024-06-19 00:41:44,2.128289839446975
2024-06-19 18:27:52,2.1383225700920274
2024-06-20 13:47:54,2.157440951616164
2024-06-21 08:22:38,2.124737053915462
2024-06-22 02:14:54,2.0985998482185053
2024-06-22 19:41:01,2.10072004921557
2024-06-23 19:43:03,2.1000674570204985
2024-06-24 12:11:26,2.0396504926333647
2024-06-25 04:51:22,1.9718075975456275
2024-06-26 02:49:02,2.019432991437021
2024-06-26 23:20:08,2.0024413690694347
2024-06-27 20:23:46,2.0109150927666737
2024-06-28 14:58:55,2.0069053748456156
2024-06-29 09:45:09,1.984431425922959
2024-06-30 00:52:33,1.9905131017812594
2024-06-30 21:51:14,2.013448724919372
2024-07-01 16:29:16,2.051387032916041
2024-07-02 10:15:27,2.049560450979147
2024-07-03 02:49:36,2.0211790478243197
2024-07-03 20:02:03,1.9655699277175671
2024-07-04 14:55:17,1.8930358748610496
2024-07-05 09:18:09,1.8083874885619058
2024-07-06 06:08:38,1.8372423386820147
2024-07-06 22:28:13,1.8768105240802075
2024-07-07 15:36:36,1.8713895060112773
2024-07-08 06:48:53,1.8049548926922923
2024-07-09 00:14:52,1.834845819307656
2024-07-09 15:27:24,1.872703936989508
2024-07-10 10:48:10,1.9026769488068775
2024-07-11 05:22:01,1.8804447055937994
2024-07-11 23:07:20,1.8813336623604175
2024-07-12 14:52:37,1.8643995135161886
2024-07-13 11:18:01,1.8904772257147673
2024-07-14 02:06:47,1.9183593139464556
2024-07-14 18:54:28,1.9505595872812789
2024-07-15 08:37:19,2.0259429453831572
2024-07-16 02:21:16,2.070052389104032
2024-07-16 19:32:42,2.07422540347716
2024-07-17 11:38:04,2.1226396447528235
2024-07-18 05:25:50,2.086015226397095
2024-07-19 00:35:41,2.061782218800864
2024-07-19 18:32:37,2.101771748081502
2024-07-20 10:21:26,2.1489150166127935
2024-07-21 01:14:11,2.166080697858461
2024-07-21 15:06:06,2.155061179179533
2024-07-22 08:49:21,2.184289992361526
2024-07-22 22:25:48,2.173931542821091
2024-07-23 12:40:05,2.149310260254077
2024-07-24 03:49:35,2.1118731975980056
2024-07-24 23:11:01,2.119843503857779
2024-07-25 14:49:07,2.0578250220562997
2024-07-26 06:44:16,2.131315788385513
2024-07-26 21:57:59,2.165192178764908
2024-07-27 14:16:50,2.182964121752725
2024-07-28 09:22:32,2.1698963201441805
2024-07-29 02:03:50,2.1787366706901308
2024-07-29 15:53:33,2.2149448672075875
2024-07-30 08:22:46,2.1288062293779704
2024-07-31 00:39:26,2.110129411240039
2024-07-31 18:29:53,2.11633687154195
2024-08-01 12:46:54,2.0483834829900105
2024-08-02 07:44:50,2.063756748401858
2024-08-03 04:30:39,1.9815617738788294
2024-08-03 22:54:51,1.9408680270753722
2024-08-04 18:28:29,1.9244176024738042
2024-08-05 09:11:09,1.7045877484825014
2024-08-06 03:34:24,1.7508715797379035
2024-08-06 21:49:19,1.7922814363569792
2024-08-07 18:22:29,1.8122829372719997
2024-08-08 15:40:22,1.833041872553246
2024-08-09 11:22:17,1.9517401623139228
2024-08-10 07:08:56,1.9330219809761362
2024-08-11 01:17:14,1.9436719276864396
2024-08-11 18:08:27,1.9352744597920712
2024-08-12 10:18:52,1.8685395183153215
2024-08-13 05:40:54,1.8892951826445774
2024-08-13 22:25:49,1.9289211400374382
2024-08-14 16:02:35,1.933206356700183
2024-08-15 10:43:05,1.8604307896692356
2024-08-16 03:30:47,1.8471546283674718
2024-08-16 20:24:31,1.873985968821983
2024-08-17 13:59:57,1.8902772961465624
2024-08-18 06:26:05,1.9008369121189306
2024-08-18 23:19:51,1.9059293028345505
2024-08-19 18:43:37,1.8672737019124663
2024-08-20 12:09:55,1.9421419767065482
2024-08-21 06:01:00,1.893387303844983
2024-08-21 22:38:13,1.930557863065192
2024-08-22 16:14:35,1.9437680861376139
2024-08-23 06:55:05,1.9334075380783005
2024-08-23 22:11:37,1.9826573927380104
2024-08-24 13:34:15,2.0428058247932688
2024-08-25 09:18:17,2.03874490084573
2024-08-26 03:30:20,2.0422943796604733
2024-08-26 23:13:01,2.0212015276842825
2024-08-27 18:16:27,1.975405886462092
2024-08-28 10:14:32,1.8881109019498679
2024-08-29 01:44:49,1.8825743424372967
2024-08-29 21:31:15,1.9126754379808308
2024-08-30 16:25:50,1.8861674379609445
2024-08-31 10:26:48,1.8831105701767574
2024-09-01 03:23:26,1.8756672439241475
2024-09-01 21:18:27,1.8517637680973988
2024-09-02 12:07:21,1.8438034598077782
2024-09-03 02:57:36,1.8802955820049119
2024-09-03 21:04:07,1.8485875531759826
2024-09-04 15:19:31,1.800426578753706
2024-09-05 06:26:15,1.8365400788948671
2024-09-05 23:52:52,1.7946186570602918
2024-09-06 17:13:47,1.7737817448699278
2024-09-07 10:06:19,1.723436769534539
2024-09-08 01:48:59,1.7247675406383027
2024-09-08 15:47:23,1.7342752474806988
2024-09-09 11:35:51,1.7540056226544487
2024-09-10 03:47:20,1.8127837464967977
2024-09-10 23:47:28,1.8193255134677293
2024-09-11 22:22:34,1.807224352116033
2024-09-12 15:33:57,1.844154613124832
2024-09-13 09:58:34,1.8441450825594765
2024-09-14 05:39:03,1.915130673718627
2024-09-15 02:56:52,1.9042289535033743
2024-09-15 17:35:25,1.9096624180210806
2024-09-16 11:45:04,1.8638893809818302
2024-09-17 08:01:56,1.847560561530491
2024-09-18 01:32:01,1.9167811892974427
2024-09-18 19:05:05,1.8958909535272501
2024-09-19 16:19:41,1.97853359391957
2024-09-20 08:51:12,2.0078959702594505
2024-09-21 06:36:49,1.988055453534268
2024-09-21 23:57:22,1.9958623525172483
2024-09-22 18:34:44,1.9826952243458198
2024-09-23 12:05:14,2.012554062974931
2024-09-24 05:48:42,1.992788552991091
2024-09-25 00:11:33,2.01249729494326
2024-09-25 17:41:37,2.006780632684456
2024-09-26 12:22:32,2.005490877485628
2024-09-27 08:18:22,2.051065615239871
2024-09-28 02:10:21,2.0681882338966515
2024-09-28 22:50:29,2.0614661832074024
2024-09-29 14:35:34,2.0591570475012495
2024-09-30 09:29:07,2.0330626929071207
2024-10-01 03:55:29,1.9921957096822713
2024-10-01 19:45:41,1.9690271789852856
2024-10-02 11:04:37,1.9327789953633867
2024-10-03 03:55:22,1.9111254641710025
2024-10-03 22:06:29,1.9009880490254667
2024-10-04 13:20:43,1.924058138907072
2024-10-05 04:46:55,1.9507758561796769
2024-10-05 20:28:17,1.9463475094869405
2024-10-06 13:17:00,1.9419628802730038
2024-10-07 05:24:45,1.9818427412640796
2024-10-07 23:02:40,1.9899875290332796
2024-10-08 14:44:15,1.9562999769943876
2024-10-09 08:48:01,1.9343335074387769
2024-10-10 02:51:41,1.8893380650069094
2024-10-10 20:18:55,1.8684500147421752
2024-10-11 15:17:19,1.8919900100073568
2024-10-12 08:08:37,1.9396424405123593
2024-10-13 01:39:55,1.9550602058652435
2024-10-13 18:57:55,1.9388087017381483
2024-10-14 15:24:12,2.001785831512244
2024-10-15 08:10:17,2.031072182786644
2024-10-15 23:29:40,2.05361691920357
2024-10-16 18:03:11,2.0800982228914737
2024-10-17 10:54:14,2.073663130406878
2024-10-18 03:30:58,2.0701151510147096
2024-10-18 22:17:44,2.103608976856332
2024-10-19 13:47:09,2.094718536863917
2024-10-20 05:17:30,2.091113858038137
2024-10-20 19:42:22,2.0969638546867797
2024-10-21 08:19:50,2.1089976777365145
2024-10-22 02:25:20,2.063650362693754
2024-10-22 20:38:32,2.0499570073777225
2024-10-23 12:18:42,2.0359057714580766
2024-10-24 05:21:06,2.0419644995744703
2024-10-24 23:35:57,2.0685508161367783
2024-10-25 15:57:32,2.066666057200612
2024-10-26 09:34:31,2.036308274314999
2024-10-27 03:30:15,2.0410080211638295
2024-10-27 19:35:05,2.0562318637645505
2024-10-28 10:08:12,2.066204921370149
2024-10-29 01:15:24,2.1123345630081345
2024-10-29 17:20:10,2.1727508120392973
2024-10-30 08:34:54,2.189869523544135
2024-10-31 00:15:27,2.1827717177191017
2024-10-31 17:40:58,2.1697031899889803
2024-11-01 08:56:24,2.103646358000202
2024-11-02 01:51:36,2.094608200508693
2024-11-02 19:12:35,2.0955750171035787
2024-11-03 15:29:19,2.0638307147720907
2024-11-04 09:55:32,2.0791186544722406
2024-11-05 03:34:15,2.042621496140636
2024-11-05 20:38:09,2.091336852125274
2024-11-06 14:10:33,2.2224956344762847
2024-11-07 06:09:05,2.257758226211057
2024-11-07 22:33:38,2.26817454107077
2024-11-08 16:56:14,2.271440045554185
2024-11-09 12:06:43,2.2787625412208468
2024-11-10 05:43:04,2.285267987609655
2024-11-10 21:52:28,2.374123062403186
2024-11-11 18:34:16,2.4429897534269425
2024-11-12 12:36:26,2.599251928194387
2024-11-13 06:29:04,2.583401370824738
2024-11-13 23:50:39,2.6568749125561553
2024-11-14 18:54:37,2.619540748122034
2024-11-15 13:24:54,2.556377474325625
2024-11-16 07:07:51,2.624420521943572
2024-11-16 22:36:12,2.6087872689194893
2024-11-17 15:13:42,2.6047055357924087
2024-11-18 08:04:31,2.5975492434633085
2024-11-19 00:16:04,2.606912211307496
2024-11-19 15:15:10,2.6194200622964847
2024-11-20 06:39:32,2.612180086872336
2024-11-20 23:50:02,2.6593573274217137
2024-11-21 17:52:38,2.732169741924644
2024-11-22 09:58:09,2.73633955337892
2024-11-23 05:59:56,2.718314636750305
2024-11-24 00:17:07,2.691603069743864
2024-11-24 19:45:42,2.6521556967091997
2024-11-25 12:11:56,2.684474346547686
2024-11-26 03:28:57,2.5812459064376263
2024-11-26 20:37:43,2.5346044865907222
2024-11-27 15:58:48,2.5522425215512343
2024-11-28 09:45:47,2.60200971446731
2024-11-29 05:07:12,2.595580024719421
2024-11-30 01:25:56,2.636777273056027
2024-11-30 16:24:53,2.610119870829799
2024-12-01 09:48:04,2.6019291733263654
2024-12-02 02:47:10,2.631162052634673
2024-12-02 22:13:46,2.5834640566994453
2024-12-03 13:01:07,2.568869335177381
2024-12-04 07:02:47,2.575057737516506
2024-12-05 00:28:16,2.592909637169486
2024-12-05 16:12:27,2.7238020613060407
2024-12-06 10:00:37,2.578802869193965
2024-12-07 05:20:50,2.6266508580560295
2024-12-07 23:08:12,2.6128145436724206
2024-12-08 17:28:44,2.605426488460697
2024-12-09 09:27:09,2.598051783470015
2024-12-10 00:25:44,2.5269430218926283
2024-12-10 17:54:41,2.5188960635735413
2024-12-11 10:47:24,2.5116868068591915
2024-12-12 04:41:29,2.602030788641209
2024-12-12 22:06:28,2.5949991384553117
2024-12-13 12:32:10,2.5680376042159128
2024-12-14 05:14:50,2.6023952557208987
2024-12-14 18:57:31,2.594561594952619
2024-12-15 15:32:12,2.6141887069199767
2024-12-16 10:06:31,2.6698659570251846
2024-12-17 01:59:21,2.6973074187031365
2024-12-17 21:08:32,2.7075047406936914
2024-12-18 12:42:14,2.6249550888282127
2024-12-19 07:58:36,2.5366902901730235
2024-12-20 01:27:57,2.4486644893011036
2024-12-20 18:47:25,2.381671157725469
2024-12-21 13:05:51,2.4524376670454306
2024-12-22 06:40:19,2.416675249477165
2024-12-22 22:59:40,2.381661462995882
2024-12-23 17:07:16,2.3556771553363705
2024-12-24 12:05:06,2.3254790336309763
2024-12-25 06:16:39,2.4244803301292253
2024-12-25 22:49:58,2.4300562243244097
2024-12-26 18:23:30,2.3603008798563296
2024-12-27 12:03:18,2.367155793068384
2024-12-28 04:01:14,2.3248640095738655
2024-12-28 22:27:56,2.332689992496299
2024-12-29 13:19:55,2.338179688725021
2024-12-30 07:39:29,2.2960762847239877
2024-12-30 23:19:56,2.281159405503605
2024-12-31 17:05:01,2.308683802652907
2025-01-01 14:10:32,2.2861966056961944
2025-01-02 07:14:01,2.317002431623926
2025-01-02 21:06:29,2.358027942233412
2025-01-03 14:53:08,2.3481218743911225
2025-01-04 08:51:01,2.384464796994487
2025-01-05 01:30:26,2.381723339807898
2025-01-05 18:08:00,2.374981986540117
2025-01-06 10:20:18,2.4072445879856614
2025-01-07 06:58:12,2.468065397258536
2025-01-08 02:20:15,2.3530528354744815
2025-01-08 23:42:15,2.292958670578677
2025-01-09 17:23:07,2.2570544084654216
2025-01-10 09:38:34,2.2616036728879725
2025-01-11 03:01:16,2.289922203476278
2025-01-11 21:25:34,2.280645986558949
2025-01-12 13:06:27,2.2769940277437817
2025-01-13 05:10:00,2.2797721513081175
2025-01-14 00:51:13,2.249712900663202
2025-01-14 17:43:07,2.3240475712216764
2025-01-15 12:08:23,2.340381866587504
2025-01-16 06:10:27,2.3996773262570534
2025-01-17 03:07:54,2.4034507279124826
2025-01-17 20:24:24,2.475543444747897
2025-01-18 13:18:05,2.4707306183692026
2025-01-19 06:26:44,2.498642138570498
2025-01-20 01:06:44,2.4866904481609517
2025-01-20 18:56:51,2.535467582774101
2025-01-21 13:38:45,2.436846194890171
2025-01-22 08:05:14,2.5121731126981497
2025-01-22 23:18:07,2.469460793427725
2025-01-23 18:22:54,2.4280851419173684
2025-01-24 12:52:13,2.4651363801413035
2025-01-25 08:37:46,2.460366838943252
2025-01-26 02:38:47,2.4648477264512305
2025-01-26 22:37:18,2.4661781804676752
2025-01-27 14:28:19,2.3417053891601833
2025-01-28 07:27:07,2.404728413173848
2025-01-29 01:42:50,2.3853514286102264
2025-01-29 17:36:43,2.3960205797435137
2025-01-30 12:15:34,2.4592328287320386
2025-01-31 05:28:38,2.4526997260210055
2025-02-01 01:54:11,2.4198963378809264
2025-02-01 15:23:49,2.3826666298713435
2025-02-02 05:53:04,2.349698198895015
2025-02-02 19:08:21,2.30375936034776
2025-02-03 13:29:16,2.2117280596173075
2025-02-04 05:13:29,2.357000110908497
2025-02-05 01:52:40,2.3023945325942936
2025-02-05 19:17:21,2.2734869809764944
2025-02-06 11:49:51,2.283943831960564
2025-02-07 06:38:47,2.2547532498552973
2025-02-07 20:14:47,2.2775971774079213
2025-02-08 11:42:49,2.2324813308689655
2025-02-09 05:50:28,2.244171018867683
2025-02-09 21:56:17,2.231594275273764
2025-02-10 17:14:35,2.260286843638938
2025-02-11 12:23:43,2.271110294311299
2025-02-12 10:07:19,2.21900664650655
2025-02-13 04:08:51,2.256305675311119
2025-02-13 20:08:16,2.2172482638347657
2025-02-14 12:32:14,2.2418168663990774
2025-02-15 05:17:35,2.252012850792356
2025-02-15 20:55:48,2.252545781259313
2025-02-16 12:45:38,2.2473138599099043
2025-02-17 08:07:45,2.227952515086793
2025-02-18 01:51:05,2.212735294192019
2025-02-18 20:53:03,2.1969549549623
2025-02-19 16:59:45,2.215492523311896
2025-02-20 13:49:04,2.241367150733024
2025-02-21 06:47:49,2.26524450092351
2025-02-22 03:29:41,2.217191548721141
2025-02-22 20:53:28,2.2276398290832424
2025-02-23 17:49:19,2.2123759098504556
2025-02-24 12:31:51,2.2057380690171806
2025-02-25 07:49:33,2.126954952992933
2025-02-26 00:50:00,2.026683844497522
2025-02-26 17:01:32,2.039107084649361
2025-02-27 08:32:11,1.9664160114444749
2025-02-28 01:11:09,1.948177314365403
2025-02-28 17:32:03,1.8748294595260404
2025-03-01 13:21:58,1.9683575797623956
2025-03-02 04:14:24,1.988230804275661
2025-03-03 02:15:27,2.117825929927567
2025-03-03 18:56:02,2.1101930953536323
2025-03-04 13:21:35,1.932885616206341
2025-03-05 06:27:55,2.0120337164461035
2025-03-06 01:36:47,2.0741963172123077
2025-03-06 16:58:34,2.0866703466488983
2025-03-07 10:06:55,2.029029344991482
2025-03-08 03:57:16,1.999516387702225
2025-03-08 20:37:37,1.9849824916118297
2025-03-09 13:27:27,1.9769575973624112
2025-03-10 06:28:31,1.8871656659681582
2025-03-10 22:38:05,1.8182941443521234
2025-03-11 18:10:27,1.8689933164323025
2025-03-12 09:53:07,1.8938837379620392
2025-03-13 02:52:18,1.9123239806494012
2025-03-13 19:53:02,1.8883697740476222
2025-03-14 12:07:14,1.8925550971750689
2025-03-15 05:48:01,1.9400745008366447
2025-03-16 02:41:50,1.9379366822501158
2025-03-16 20:03:57,1.9143104538392488
2025-03-17 15:22:16,1.9155940637100883
2025-03-18 07:43:40,1.9157842120238684
2025-03-19 01:33:17,1.8925351459156883
2025-03-19 18:47:28,1.9307675944830511
2025-03-20 12:12:45,1.9709889638077653
2025-03-21 07:21:00,1.9367177502846742
2025-03-21 23:50:42,1.9289517922180999
2025-03-22 17:43:05,1.9308297388871478
2025-03-23 09:56:21,1.9306029583896793
2025-03-24 01:39:18,1.95821246669924
2025-03-24 19:24:51,2.012134250571341
2025-03-25 12:21:47,1.9875189506754847
2025-03-26 04:36:01,2.0084043396407685
2025-03-26 22:12:18,1.9904993658800012
2025-03-27 15:09:30,1.9934847898025203
